,1,2,3,4,5,6,7,8,9,10,11,12,13,14,15,16,17,18,19,20,21,22,23,24,25,26,27,28,29,30,31,32,33,34,35,36,37,38,39,40,41,42,43,44,45,46,47,48,49,50,51,52,53,54,55,56,57,58,59,60,61,62,63,64,65,66,67,68,69,70,71,72,73,74,75,76,77,78,79,80,81,82,83,84,85,86,87,88,89,90,91,92,93,94,95,96,97,98,99,100
1,0,1,1,1,2,1,1,1,2,1,1,1,2,1,1,1,2,1,1,1,2,1,1,1,2,1,1,1,2,1,1,1,2,1,1,1,2,1,1,1,2,1,1,1,2,1,1,1,2,1,1,1,2,1,1,1,2,1,1,1,2,1,1,1,2,1,1,1,2,1,1,1,2,1,1,1,2,1,1,1,2,1,1,1,2,1,1,1,2,1,1,1,2,1,1,1,2,1,1,1
2,1,0,1,1,1,1,4,1,1,1,1,4,1,1,1,1,4,1,1,1,1,4,1,1,1,1,4,1,1,1,1,4,1,1,1,1,4,1,1,1,1,4,1,1,1,1,4,1,1,1,1,4,1,1,1,1,4,1,1,1,1,4,1,1,1,1,4,1,1,1,1,4,1,1,1,1,4,1,1,1,1,4,1,1,1,1,4,1,1,1,1,4,1,1,1,1,4,1,1,1
3,1,1,0,1,1,1,1,1,1,1,1,1,1,1,1,1,1,1,1,1,1,1,1,1,1,1,1,1,1,1,8,1,1,1,1,1,1,1,1,1,1,1,1,1,1,1,1,1,1,1,1,1,1,1,1,1,1,1,8,1,1,1,1,1,1,1,1,1,1,1,1,1,1,1,1,1,1,1,1,1,1,1,1,1,1,1,8,1,1,1,1,1,1,1,1,1,1,1,1,1
4,1,1,1,0,1,1,1,1,1,1,1,1,1,1,1,1,1,1,1,1,1,1,1,1,1,1,1,1,1,1,1,1,1,1,1,1,1,1,1,1,1,1,1,1,17,1,1,1,1,1,1,1,1,1,1,1,1,1,1,1,1,1,1,1,1,1,1,1,1,1,1,1,1,1,1,1,1,1,1,1,1,1,1,1,1,17,1,1,1,1,1,1,1,1,1,1,1,1,1,1
5,2,1,1,1,0,1,1,1,2,1,3,1,2,1,1,1,10,1,1,1,2,1,3,1,2,1,1,1,10,1,1,1,2,1,3,1,2,1,1,1,10,1,1,1,2,1,12,1,2,1,1,1,10,1,1,1,2,1,3,1,2,1,1,1,10,1,1,1,2,1,3,1,2,1,1,1,10,1,1,1,2,1,3,1,2,1,1,1,22,1,1,1,2,1,3,1,2,1,1,1
6,1,1,1,1,1,0,1,1,1,1,1,1,1,1,1,1,1,1,1,1,1,5,1,1,1,1,1,1,1,1,1,1,1,1,1,1,1,5,1,1,1,1,1,1,1,1,1,11,1,1,1,1,1,5,1,1,1,1,1,1,1,1,1,1,1,1,1,1,1,5,1,1,1,1,1,1,1,1,1,1,1,1,1,1,1,5,1,1,1,11,1,1,1,1,1,1,1,1,1,1
7,1,4,1,1,1,1,0,1,1,1,1,4,1,1,1,1,4,1,1,1,1,4,1,1,1,1,4,1,1,1,1,4,1,1,1,1,4,1,1,1,1,4,1,1,1,1,4,1,1,1,1,4,1,1,1,1,4,1,1,1,1,4,1,1,1,1,4,1,1,1,1,4,1,1,1,1,4,1,1,1,1,4,1,1,1,1,4,1,1,1,1,4,1,1,1,1,4,1,1,1
8,1,1,1,1,1,1,1,0,1,1,1,1,1,1,1,1,1,1,1,1,1,1,1,1,1,1,1,1,1,1,1,1,1,1,1,1,1,1,1,1,1,1,1,1,1,1,1,1,1,1,1,1,1,1,1,1,1,1,1,1,1,1,1,1,1,1,1,1,1,1,1,1,1,1,1,1,1,1,1,1,1,1,1,1,1,1,1,1,1,1,1,1,1,1,1,1,1,1,1,1
9,2,1,1,1,2,1,1,1,0,1,1,1,2,1,1,1,2,1,1,1,2,1,1,1,2,1,1,1,2,1,1,1,2,1,1,1,2,1,9,1,2,1,1,1,2,1,1,1,2,1,1,1,2,1,1,1,2,1,1,1,2,1,1,1,2,1,1,1,21,1,1,1,2,1,1,1,2,1,1,1,2,1,1,1,2,1,1,1,2,1,1,1,2,1,1,1,2,1,9,1
10,1,1,1,1,1,1,1,1,1,0,1,1,1,1,1,1,1,1,1,1,1,1,1,1,1,1,1,1,1,1,1,1,1,1,1,1,1,1,1,1,1,1,1,1,1,1,1,1,1,1,1,1,1,1,1,1,1,1,1,1,1,1,1,1,1,1,1,1,1,1,1,1,1,1,1,1,1,1,1,1,1,1,1,1,1,1,1,1,1,1,1,1,1,1,1,1,1,1,1,1
11,1,1,1,1,3,1,1,1,1,1,0,1,1,1,1,1,3,1,1,1,1,1,3,1,1,1,1,1,3,1,1,1,1,1,3,1,1,1,1,1,3,1,1,1,1,1,3,1,1,1,1,1,3,1,1,1,1,1,3,1,1,1,1,1,3,1,1,1,1,1,3,1,1,1,1,1,3,1,1,1,1,1,3,1,1,1,1,1,3,1,1,1,1,1,3,1,1,1,1,1
12,1,4,1,1,1,1,4,1,1,1,1,0,1,1,1,1,4,1,1,1,1,4,1,1,1,1,4,1,1,1,1,4,1,1,1,1,4,1,1,1,1,4,1,1,1,1,4,1,1,1,1,4,1,1,1,1,4,1,1,1,1,4,1,1,1,1,4,1,1,1,1,4,1,1,1,1,4,1,1,1,1,4,1,1,1,1,4,1,1,1,1,4,1,1,1,1,4,1,1,1
13,2,1,1,1,2,1,1,1,2,1,1,1,0,1,1,1,2,1,1,1,2,1,1,1,2,1,1,1,2,1,1,1,7,1,1,1,2,1,1,1,2,1,1,1,2,1,1,1,2,1,1,1,7,1,1,1,2,1,1,1,2,1,1,1,2,1,1,1,2,1,1,1,7,1,1,1,2,1,1,1,2,1,1,1,2,1,1,1,2,1,1,1,7,1,1,1,2,1,1,1
14,1,1,1,1,1,1,1,1,1,1,1,1,1,0,1,1,1,1,1,1,1,1,1,1,1,1,1,1,1,1,1,1,1,1,1,1,1,1,1,1,1,1,1,1,1,1,1,1,1,1,1,1,1,1,1,1,1,1,1,1,1,1,1,1,1,1,1,1,1,1,1,1,1,1,1,1,1,1,1,1,1,1,1,1,1,1,1,1,1,1,1,1,1,1,1,1,1,1,1,1
15,1,1,1,1,1,1,1,1,1,1,1,1,1,1,0,1,1,1,1,1,1,1,1,1,1,1,1,1,1,1,1,1,1,1,1,1,1,1,1,1,1,1,1,1,1,1,1,1,1,1,1,1,1,1,1,1,1,1,1,1,1,1,1,1,1,1,1,1,1,1,1,1,1,1,1,1,1,1,1,1,1,1,1,1,1,1,1,1,1,1,1,1,1,1,1,1,1,1,1,1
16,1,1,1,1,1,1,1,1,1,1,1,1,1,1,1,0,1,1,1,1,1,1,1,1,1,1,1,1,1,1,1,1,1,6,1,1,1,1,1,1,1,1,1,1,1,1,1,1,1,1,1,6,1,1,1,1,1,1,1,1,1,1,1,1,1,1,1,1,1,6,1,1,1,1,1,1,1,1,1,1,1,1,1,1,1,1,1,6,1,1,1,1,1,1,1,1,1,1,1,1
17,2,4,1,1,10,1,4,1,2,1,3,4,2,1,1,1,0,1,1,1,2,4,3,1,2,1,4,1,10,1,1,4,2,1,3,1,14,1,1,1,10,4,1,1,2,1,16,1,2,1,1,4,10,1,1,1,14,1,3,1,2,4,1,1,10,1,4,1,2,1,3,4,2,1,1,1,23,1,1,1,2,4,3,1,2,1,4,1,10,1,1,4,2,1,3,1,14,1,1,1
18,1,1,1,1,1,1,1,1,1,1,1,1,1,1,1,1,1,0,1,1,1,1,1,1,1,1,1,1,1,1,1,1,1,1,1,1,1,1,1,1,1,1,1,1,1,1,15,1,1,1,1,1,1,1,1,1,1,1,1,1,1,1,1,1,1,1,1,1,1,1,1,1,1,1,1,15,1,1,1,1,1,1,1,1,1,1,1,1,1,1,1,1,1,1,1,1,1,1,1,1
19,1,1,1,1,1,1,1,1,1,1,1,1,1,1,1,1,1,1,0,1,1,1,1,1,1,1,1,1,1,1,1,1,1,1,1,1,1,1,1,1,1,1,1,1,1,1,1,1,1,1,1,1,1,1,1,1,1,1,1,1,1,1,1,1,1,1,18,1,1,1,1,1,1,1,1,1,1,1,1,1,1,1,1,1,1,1,1,1,1,1,1,1,1,1,1,1,1,1,1,1
20,1,1,1,1,1,1,1,1,1,1,1,1,1,1,1,1,1,1,1,0,1,1,1,1,1,1,1,1,1,1,1,1,1,1,1,1,1,1,1,1,1,1,1,1,1,1,1,1,1,1,1,1,1,1,1,1,1,1,1,1,1,1,1,1,1,1,1,1,1,1,1,1,1,1,1,1,1,1,1,1,1,1,1,1,1,1,1,1,1,1,1,1,1,1,1,1,1,1,1,1
21,2,1,1,1,2,1,1,1,2,1,1,1,2,1,1,1,2,1,1,1,0,1,1,1,2,1,1,1,2,1,1,1,2,1,1,1,2,1,1,1,2,1,1,1,2,1,1,1,2,1,1,1,2,1,1,1,2,1,1,1,2,1,1,1,2,1,1,1,2,1,1,1,2,1,1,1,2,1,1,1,2,1,1,1,2,1,1,1,2,1,1,1,2,1,1,1,2,1,1,1
22,1,4,1,1,1,5,4,1,1,1,1,4,1,1,1,1,4,1,1,1,1,0,1,1,1,1,4,1,1,1,1,4,1,1,1,1,4,5,1,1,1,4,1,1,1,1,4,1,1,1,1,4,1,5,1,1,4,1,1,1,1,4,1,1,1,1,4,1,1,5,1,4,1,1,1,1,4,1,1,1,1,4,1,1,1,5,4,1,1,1,1,4,1,1,1,1,4,1,1,1
23,1,1,1,1,3,1,1,1,1,1,3,1,1,1,1,1,3,1,1,1,1,1,0,1,1,1,1,1,3,1,1,1,1,1,3,1,1,1,1,1,3,1,1,1,1,1,3,1,1,1,1,1,3,1,1,1,1,1,3,1,1,1,1,1,3,1,1,1,1,1,3,1,1,1,13,1,3,1,1,1,1,1,3,1,1,1,1,1,3,1,1,1,1,1,3,1,1,1,1,1
24,1,1,1,1,1,1,1,1,1,1,1,1,1,1,1,1,1,1,1,1,1,1,1,0,1,1,1,1,1,1,1,1,1,1,1,1,1,1,1,1,1,1,1,1,1,1,1,1,1,1,1,1,1,1,1,1,1,1,1,1,1,1,1,1,1,1,1,1,1,1,1,1,1,1,1,1,1,1,1,1,1,1,1,1,1,1,1,1,1,1,1,1,1,1,1,1,1,1,1,1
25,2,1,1,1,2,1,1,1,2,1,1,1,2,1,1,1,2,1,1,1,2,1,1,1,0,1,1,1,2,1,1,1,2,1,1,1,2,1,1,1,2,1,1,1,2,1,1,1,2,1,1,1,2,1,1,1,2,1,1,1,2,1,1,1,2,1,1,1,2,1,1,1,2,1,1,1,2,19,1,1,2,1,1,1,2,1,1,1,2,1,1,1,2,1,1,1,2,1,1,1
26,1,1,1,1,1,1,1,1,1,1,1,1,1,1,1,1,1,1,1,1,1,1,1,1,1,0,1,1,1,1,1,1,1,1,1,1,1,1,1,1,1,1,1,1,1,1,1,1,1,1,1,1,1,1,1,1,1,1,1,1,1,1,1,1,1,1,1,1,1,1,1,1,1,1,1,1,1,1,1,1,1,1,1,1,1,1,1,1,1,1,1,1,1,1,1,1,1,1,1,1
27,1,4,1,1,1,1,4,1,1,1,1,4,1,1,1,1,4,1,1,1,1,4,1,1,1,1,0,1,1,1,1,4,1,1,1,1,4,1,1,1,1,4,1,1,1,1,4,1,1,1,1,4,1,1,1,1,4,1,1,1,1,4,1,1,1,1,4,1,1,1,1,4,1,1,1,1,4,1,1,1,1,4,1,1,1,1,4,1,1,1,1,4,1,1,1,1,4,1,1,1
28,1,1,1,1,1,1,1,1,1,1,1,1,1,1,1,1,1,1,1,1,1,1,1,1,1,1,1,0,1,1,1,1,1,1,1,1,1,1,1,1,1,1,1,1,1,1,1,1,1,1,1,1,1,1,1,1,1,1,1,1,1,1,1,1,1,1,1,1,1,1,1,1,1,1,1,1,1,1,1,1,1,1,1,1,1,1,1,1,1,1,1,1,20,1,1,1,1,1,1,1
29,2,1,1,1,10,1,1,1,2,1,3,1,2,1,1,1,10,1,1,1,2,1,3,1,2,1,1,1,0,1,1,1,2,1,3,1,2,1,1,1,10,1,1,1,2,1,3,1,2,1,1,1,10,1,1,1,2,1,3,1,2,1,1,1,10,1,1,1,2,1,3,1,2,1,1,1,10,1,1,1,2,1,3,1,2,1,1,1,10,1,1,1,2,1,3,1,2,1,1,1
30,1,1,1,1,1,1,1,1,1,1,1,1,1,1,1,1,1,1,1,1,1,1,1,1,1,1,1,1,1,0,1,1,1,1,1,1,1,1,1,1,1,1,1,1,1,1,1,1,1,1,1,1,1,1,1,1,1,1,1,1,1,1,1,1,1,1,1,1,1,1,1,1,1,1,1,1,1,1,1,1,1,1,1,1,1,1,1,1,1,1,1,1,1,1,1,1,1,1,1,1
31,1,1,8,1,1,1,1,1,1,1,1,1,1,1,1,1,1,1,1,1,1,1,1,1,1,1,1,1,1,1,0,1,1,1,1,1,1,1,1,1,1,1,1,1,1,1,1,1,1,1,1,1,1,1,1,1,1,1,8,1,1,1,1,1,1,1,1,1,1,1,1,1,1,1,1,1,1,1,1,1,1,1,1,1,1,1,8,1,1,1,1,1,1,1,1,1,1,1,1,1
32,1,4,1,1,1,1,4,1,1,1,1,4,1,1,1,1,4,1,1,1,1,4,1,1,1,1,4,1,1,1,1,0,1,1,1,1,4,1,1,1,1,4,1,1,1,1,4,1,1,1,1,4,1,1,1,1,4,1,1,1,1,4,1,1,1,1,4,1,1,1,1,4,1,1,1,1,4,1,1,1,1,4,1,1,1,1,4,1,1,1,1,4,1,1,1,1,4,1,1,1
33,2,1,1,1,2,1,1,1,2,1,1,1,7,1,1,1,2,1,1,1,2,1,1,1,2,1,1,1,2,1,1,1,0,1,1,1,2,1,1,1,2,1,1,1,2,1,1,1,2,1,1,1,7,1,1,1,2,1,1,1,2,1,1,1,2,1,1,1,2,1,1,1,7,1,1,1,2,1,1,1,2,1,1,1,2,1,1,1,2,1,1,1,7,1,1,1,2,1,1,1
34,1,1,1,1,1,1,1,1,1,1,1,1,1,1,1,6,1,1,1,1,1,1,1,1,1,1,1,1,1,1,1,1,1,0,1,1,1,1,1,1,1,1,1,1,1,1,1,1,1,1,1,6,1,1,1,1,1,1,1,1,1,1,1,1,1,1,1,1,1,6,1,1,1,1,1,1,1,1,1,1,1,1,1,1,1,1,1,6,1,1,1,1,1,1,1,1,1,1,1,1
35,1,1,1,1,3,1,1,1,1,1,3,1,1,1,1,1,3,1,1,1,1,1,3,1,1,1,1,1,3,1,1,1,1,1,0,1,1,1,1,1,3,1,1,1,1,1,3,1,1,1,1,1,3,1,1,1,1,1,3,1,1,1,1,1,3,1,1,1,1,1,3,1,1,1,1,1,3,1,1,1,1,1,3,1,1,1,1,1,3,1,1,1,1,1,3,1,1,1,1,1
36,1,1,1,1,1,1,1,1,1,1,1,1,1,1,1,1,1,1,1,1,1,1,1,1,1,1,1,1,1,1,1,1,1,1,1,0,1,1,1,1,1,1,1,1,1,1,1,1,1,1,1,1,1,1,1,1,1,1,1,1,1,1,1,1,1,1,1,1,1,1,1,1,1,1,1,1,1,1,1,1,1,1,1,1,1,1,1,1,1,1,1,1,1,1,1,1,1,1,1,1
37,2,4,1,1,2,1,4,1,2,1,1,4,2,1,1,1,14,1,1,1,2,4,1,1,2,1,4,1,2,1,1,4,2,1,1,1,0,1,1,1,2,4,1,1,2,1,4,1,2,1,1,4,2,1,1,1,14,1,1,1,2,4,1,1,2,1,4,1,2,1,1,4,2,1,1,1,14,1,1,1,2,4,1,1,2,1,4,1,2,1,1,4,2,1,1,1,14,1,1,1
38,1,1,1,1,1,5,1,1,1,1,1,1,1,1,1,1,1,1,1,1,1,5,1,1,1,1,1,1,1,1,1,1,1,1,1,1,1,0,1,1,1,1,1,1,1,1,1,1,1,1,1,1,1,5,1,1,1,1,1,1,1,1,1,1,1,1,1,1,1,5,1,1,1,1,1,1,1,1,1,1,1,1,1,1,1,5,1,1,1,1,1,1,1,1,1,1,1,1,1,1
39,1,1,1,1,1,1,1,1,9,1,1,1,1,1,1,1,1,1,1,1,1,1,1,1,1,1,1,1,1,1,1,1,1,1,1,1,1,1,0,1,1,1,1,1,1,1,1,1,1,1,1,1,1,1,1,1,1,1,1,1,1,1,1,1,1,1,1,1,9,1,1,1,1,1,1,1,1,1,1,1,1,1,1,1,1,1,1,1,1,1,1,1,1,1,1,1,1,1,9,1
40,1,1,1,1,1,1,1,1,1,1,1,1,1,1,1,1,1,1,1,1,1,1,1,1,1,1,1,1,1,1,1,1,1,1,1,1,1,1,1,0,1,1,1,1,1,1,1,1,1,1,1,1,1,1,1,1,1,1,1,1,1,1,1,1,1,1,1,1,1,1,1,1,1,1,1,1,1,1,1,1,1,1,1,1,1,1,1,1,1,1,1,1,1,1,1,1,1,1,1,1
41,2,1,1,1,10,1,1,1,2,1,3,1,2,1,1,1,10,1,1,1,2,1,3,1,2,1,1,1,10,1,1,1,2,1,3,1,2,1,1,1,0,1,1,1,2,1,3,1,2,1,1,1,10,1,1,1,2,1,3,1,2,1,1,1,10,1,1,1,2,1,3,1,2,1,1,1,10,1,1,1,2,1,3,1,2,1,1,1,10,1,1,1,2,1,3,1,2,1,1,1
42,1,4,1,1,1,1,4,1,1,1,1,4,1,1,1,1,4,1,1,1,1,4,1,1,1,1,4,1,1,1,1,4,1,1,1,1,4,1,1,1,1,0,1,1,1,1,4,1,1,1,1,4,1,1,1,1,4,1,1,1,1,4,1,1,1,1,4,1,1,1,1,4,1,1,1,1,4,1,1,1,1,4,1,1,1,1,4,1,1,1,1,4,1,1,1,1,4,1,1,1
43,1,1,1,1,1,1,1,1,1,1,1,1,1,1,1,1,1,1,1,1,1,1,1,1,1,1,1,1,1,1,1,1,1,1,1,1,1,1,1,1,1,1,0,1,1,1,1,1,1,1,1,1,1,1,1,1,1,1,1,1,1,1,1,1,1,1,1,1,1,1,1,1,1,1,1,1,1,1,1,1,1,1,1,1,1,1,1,1,1,1,1,1,1,1,1,1,1,1,1,1
44,1,1,1,1,1,1,1,1,1,1,1,1,1,1,1,1,1,1,1,1,1,1,1,1,1,1,1,1,1,1,1,1,1,1,1,1,1,1,1,1,1,1,1,0,1,1,1,1,1,1,1,1,1,1,1,1,1,1,1,1,1,1,1,1,1,1,1,1,1,1,1,1,1,1,1,1,1,1,1,1,1,1,1,1,1,1,1,1,1,1,1,1,1,1,1,1,1,1,1,1
45,2,1,1,17,2,1,1,1,2,1,1,1,2,1,1,1,2,1,1,1,2,1,1,1,2,1,1,1,2,1,1,1,2,1,1,1,2,1,1,1,2,1,1,1,0,1,1,1,2,1,1,1,2,1,1,1,2,1,1,1,2,1,1,1,2,1,1,1,2,1,1,1,2,1,1,1,2,1,1,1,2,1,1,1,2,17,1,1,2,1,1,1,2,1,1,1,2,1,1,1
46,1,1,1,1,1,1,1,1,1,1,1,1,1,1,1,1,1,1,1,1,1,1,1,1,1,1,1,1,1,1,1,1,1,1,1,1,1,1,1,1,1,1,1,1,1,0,1,1,1,1,1,1,1,1,1,1,1,1,1,1,1,1,1,1,1,1,1,1,1,1,1,1,1,1,1,1,1,1,1,1,1,1,1,1,1,1,1,1,1,1,1,1,1,1,1,1,1,1,1,1
47,1,4,1,1,12,1,4,1,1,1,3,4,1,1,1,1,16,15,1,1,1,4,3,1,1,1,4,1,3,1,1,4,1,1,3,1,4,1,1,1,3,4,1,1,1,1,0,1,1,1,1,4,3,1,1,1,4,1,3,1,1,4,1,1,3,1,4,1,1,1,3,4,1,1,1,15,16,1,1,1,1,4,3,1,1,1,4,1,12,1,1,4,1,1,3,1,4,1,1,1
48,1,1,1,1,1,11,1,1,1,1,1,1,1,1,1,1,1,1,1,1,1,1,1,1,1,1,1,1,1,1,1,1,1,1,1,1,1,1,1,1,1,1,1,1,1,1,1,0,1,1,1,1,1,1,1,1,1,1,1,1,1,1,1,1,1,1,1,1,1,1,1,1,1,1,1,1,1,1,1,1,1,1,1,1,1,1,1,1,1,11,1,1,1,1,1,1,1,1,1,1
49,2,1,1,1,2,1,1,1,2,1,1,1,2,1,1,1,2,1,1,1,2,1,1,1,2,1,1,1,2,1,1,1,2,1,1,1,2,1,1,1,2,1,1,1,2,1,1,1,0,1,1,1,2,1,1,1,2,1,1,1,2,1,1,1,2,1,1,1,2,1,1,1,2,1,1,1,2,1,1,1,2,1,1,1,2,1,1,1,2,1,1,1,2,1,1,1,2,1,1,1
50,1,1,1,1,1,1,1,1,1,1,1,1,1,1,1,1,1,1,1,1,1,1,1,1,1,1,1,1,1,1,1,1,1,1,1,1,1,1,1,1,1,1,1,1,1,1,1,1,1,0,1,1,1,1,1,1,1,1,1,1,1,1,1,1,1,1,1,1,1,1,1,1,1,1,1,1,1,1,1,1,1,1,1,1,1,1,1,1,1,1,1,1,1,1,1,1,1,1,1,1
51,1,1,1,1,1,1,1,1,1,1,1,1,1,1,1,1,1,1,1,1,1,1,1,1,1,1,1,1,1,1,1,1,1,1,1,1,1,1,1,1,1,1,1,1,1,1,1,1,1,1,0,1,1,1,1,1,1,1,1,1,1,1,1,1,1,1,1,1,1,1,1,1,1,1,1,1,1,1,1,1,1,1,1,1,1,1,1,1,1,1,1,1,1,1,1,1,1,1,1,1
52,1,4,1,1,1,1,4,1,1,1,1,4,1,1,1,6,4,1,1,1,1,4,1,1,1,1,4,1,1,1,1,4,1,6,1,1,4,1,1,1,1,4,1,1,1,1,4,1,1,1,1,0,1,1,1,1,4,1,1,1,1,4,1,1,1,1,4,1,1,6,1,4,1,1,1,1,4,1,1,1,1,4,1,1,1,1,4,6,1,1,1,4,1,1,1,1,4,1,1,1
53,2,1,1,1,10,1,1,1,2,1,3,1,7,1,1,1,10,1,1,1,2,1,3,1,2,1,1,1,10,1,1,1,7,1,3,1,2,1,1,1,10,1,1,1,2,1,3,1,2,1,1,1,0,1,1,1,2,1,3,1,2,1,1,1,10,1,1,1,2,1,3,1,7,1,1,1,10,1,1,1,2,1,3,1,2,1,1,1,10,1,1,1,7,1,3,1,2,1,1,1
54,1,1,1,1,1,5,1,1,1,1,1,1,1,1,1,1,1,1,1,1,1,5,1,1,1,1,1,1,1,1,1,1,1,1,1,1,1,5,1,1,1,1,1,1,1,1,1,1,1,1,1,1,1,0,1,1,1,1,1,1,1,1,1,1,1,1,1,1,1,5,1,1,1,1,1,1,1,1,1,1,1,1,1,1,1,5,1,1,1,1,1,1,1,1,1,1,1,1,1,1
55,1,1,1,1,1,1,1,1,1,1,1,1,1,1,1,1,1,1,1,1,1,1,1,1,1,1,1,1,1,1,1,1,1,1,1,1,1,1,1,1,1,1,1,1,1,1,1,1,1,1,1,1,1,1,0,1,1,1,1,1,1,1,1,1,1,1,1,1,1,1,1,1,1,1,1,1,1,1,1,1,1,1,1,1,1,1,1,1,1,1,1,1,1,1,1,1,1,1,1,1
56,1,1,1,1,1,1,1,1,1,1,1,1,1,1,1,1,1,1,1,1,1,1,1,1,1,1,1,1,1,1,1,1,1,1,1,1,1,1,1,1,1,1,1,1,1,1,1,1,1,1,1,1,1,1,1,0,1,1,1,1,1,1,1,1,1,1,1,1,1,1,1,1,1,1,1,1,1,1,1,1,1,1,1,1,1,1,1,1,1,1,1,1,1,1,1,1,1,1,1,1
57,2,4,1,1,2,1,4,1,2,1,1,4,2,1,1,1,14,1,1,1,2,4,1,1,2,1,4,1,2,1,1,4,2,1,1,1,14,1,1,1,2,4,1,1,2,1,4,1,2,1,1,4,2,1,1,1,0,1,1,1,2,4,1,1,2,1,4,1,2,1,1,4,2,1,1,1,14,1,1,1,2,4,1,1,2,1,4,1,2,1,1,4,2,1,1,1,14,1,1,1
58,1,1,1,1,1,1,1,1,1,1,1,1,1,1,1,1,1,1,1,1,1,1,1,1,1,1,1,1,1,1,1,1,1,1,1,1,1,1,1,1,1,1,1,1,1,1,1,1,1,1,1,1,1,1,1,1,1,0,1,1,1,1,1,1,1,1,1,1,1,1,1,1,1,1,1,1,1,1,1,1,1,1,1,1,1,1,1,1,1,1,1,1,1,1,1,1,1,1,1,1
59,1,1,8,1,3,1,1,1,1,1,3,1,1,1,1,1,3,1,1,1,1,1,3,1,1,1,1,1,3,1,8,1,1,1,3,1,1,1,1,1,3,1,1,1,1,1,3,1,1,1,1,1,3,1,1,1,1,1,0,1,1,1,1,1,3,1,1,1,1,1,3,1,1,1,1,1,3,1,1,1,1,1,3,1,1,1,8,1,3,1,1,1,1,1,3,1,1,1,1,1
60,1,1,1,1,1,1,1,1,1,1,1,1,1,1,1,1,1,1,1,1,1,1,1,1,1,1,1,1,1,1,1,1,1,1,1,1,1,1,1,1,1,1,1,1,1,1,1,1,1,1,1,1,1,1,1,1,1,1,1,0,1,1,1,1,1,1,1,1,1,1,1,1,1,1,1,1,1,1,1,1,1,1,1,1,1,1,1,1,1,1,1,1,1,1,1,1,1,1,1,1
61,2,1,1,1,2,1,1,1,2,1,1,1,2,1,1,1,2,1,1,1,2,1,1,1,2,1,1,1,2,1,1,1,2,1,1,1,2,1,1,1,2,1,1,1,2,1,1,1,2,1,1,1,2,1,1,1,2,1,1,1,0,1,1,1,2,1,1,1,2,1,1,1,2,1,1,1,2,1,1,1,2,1,1,1,2,1,1,1,2,1,1,1,2,1,1,1,2,1,1,1
62,1,4,1,1,1,1,4,1,1,1,1,4,1,1,1,1,4,1,1,1,1,4,1,1,1,1,4,1,1,1,1,4,1,1,1,1,4,1,1,1,1,4,1,1,1,1,4,1,1,1,1,4,1,1,1,1,4,1,1,1,1,0,1,1,1,1,4,1,1,1,1,4,1,1,1,1,4,1,1,1,1,4,1,1,1,1,4,1,1,1,1,4,1,1,1,1,4,1,1,1
63,1,1,1,1,1,1,1,1,1,1,1,1,1,1,1,1,1,1,1,1,1,1,1,1,1,1,1,1,1,1,1,1,1,1,1,1,1,1,1,1,1,1,1,1,1,1,1,1,1,1,1,1,1,1,1,1,1,1,1,1,1,1,0,1,1,1,1,1,1,1,1,1,1,1,1,1,1,1,1,1,1,1,1,1,1,1,1,1,1,1,1,1,1,1,1,1,1,1,1,1
64,1,1,1,1,1,1,1,1,1,1,1,1,1,1,1,1,1,1,1,1,1,1,1,1,1,1,1,1,1,1,1,1,1,1,1,1,1,1,1,1,1,1,1,1,1,1,1,1,1,1,1,1,1,1,1,1,1,1,1,1,1,1,1,0,1,1,1,1,1,1,1,1,1,1,1,1,1,1,1,1,1,1,1,1,1,1,1,1,1,1,1,1,1,1,1,1,1,1,1,1
65,2,1,1,1,10,1,1,1,2,1,3,1,2,1,1,1,10,1,1,1,2,1,3,1,2,1,1,1,10,1,1,1,2,1,3,1,2,1,1,1,10,1,1,1,2,1,3,1,2,1,1,1,10,1,1,1,2,1,3,1,2,1,1,1,0,1,1,1,2,1,3,1,2,1,1,1,10,1,1,1,2,1,3,1,2,1,1,1,10,1,1,1,2,1,3,1,2,1,1,1
66,1,1,1,1,1,1,1,1,1,1,1,1,1,1,1,1,1,1,1,1,1,1,1,1,1,1,1,1,1,1,1,1,1,1,1,1,1,1,1,1,1,1,1,1,1,1,1,1,1,1,1,1,1,1,1,1,1,1,1,1,1,1,1,1,1,0,1,1,1,1,1,1,1,1,1,1,1,1,1,1,1,1,1,1,1,1,1,1,1,1,1,1,1,1,1,1,1,1,1,1
67,1,4,1,1,1,1,4,1,1,1,1,4,1,1,1,1,4,1,18,1,1,4,1,1,1,1,4,1,1,1,1,4,1,1,1,1,4,1,1,1,1,4,1,1,1,1,4,1,1,1,1,4,1,1,1,1,4,1,1,1,1,4,1,1,1,1,0,1,1,1,1,4,1,1,1,1,4,1,1,1,1,4,1,1,1,1,4,1,1,1,1,4,1,1,1,1,4,1,1,1
68,1,1,1,1,1,1,1,1,1,1,1,1,1,1,1,1,1,1,1,1,1,1,1,1,1,1,1,1,1,1,1,1,1,1,1,1,1,1,1,1,1,1,1,1,1,1,1,1,1,1,1,1,1,1,1,1,1,1,1,1,1,1,1,1,1,1,1,0,1,1,1,1,1,1,1,1,1,1,1,1,1,1,1,1,1,1,1,1,1,1,1,1,1,1,1,1,1,1,1,1
69,2,1,1,1,2,1,1,1,21,1,1,1,2,1,1,1,2,1,1,1,2,1,1,1,2,1,1,1,2,1,1,1,2,1,1,1,2,1,9,1,2,1,1,1,2,1,1,1,2,1,1,1,2,1,1,1,2,1,1,1,2,1,1,1,2,1,1,1,0,1,1,1,2,1,1,1,2,1,1,1,2,1,1,1,2,1,1,1,2,1,1,1,2,1,1,1,2,1,9,1
70,1,1,1,1,1,5,1,1,1,1,1,1,1,1,1,6,1,1,1,1,1,5,1,1,1,1,1,1,1,1,1,1,1,6,1,1,1,5,1,1,1,1,1,1,1,1,1,1,1,1,1,6,1,5,1,1,1,1,1,1,1,1,1,1,1,1,1,1,1,0,1,1,1,1,1,1,1,1,1,1,1,1,1,1,1,5,1,6,1,1,1,1,1,1,1,1,1,1,1,1
71,1,1,1,1,3,1,1,1,1,1,3,1,1,1,1,1,3,1,1,1,1,1,3,1,1,1,1,1,3,1,1,1,1,1,3,1,1,1,1,1,3,1,1,1,1,1,3,1,1,1,1,1,3,1,1,1,1,1,3,1,1,1,1,1,3,1,1,1,1,1,0,1,1,1,1,1,3,1,1,1,1,1,3,1,1,1,1,1,3,1,1,1,1,1,3,1,1,1,1,1
72,1,4,1,1,1,1,4,1,1,1,1,4,1,1,1,1,4,1,1,1,1,4,1,1,1,1,4,1,1,1,1,4,1,1,1,1,4,1,1,1,1,4,1,1,1,1,4,1,1,1,1,4,1,1,1,1,4,1,1,1,1,4,1,1,1,1,4,1,1,1,1,0,1,1,1,1,4,1,1,1,1,4,1,1,1,1,4,1,1,1,1,4,1,1,1,1,4,1,1,1
73,2,1,1,1,2,1,1,1,2,1,1,1,7,1,1,1,2,1,1,1,2,1,1,1,2,1,1,1,2,1,1,1,7,1,1,1,2,1,1,1,2,1,1,1,2,1,1,1,2,1,1,1,7,1,1,1,2,1,1,1,2,1,1,1,2,1,1,1,2,1,1,1,0,1,1,1,2,1,1,1,2,1,1,1,2,1,1,1,2,1,1,1,7,1,1,1,2,1,1,1
74,1,1,1,1,1,1,1,1,1,1,1,1,1,1,1,1,1,1,1,1,1,1,1,1,1,1,1,1,1,1,1,1,1,1,1,1,1,1,1,1,1,1,1,1,1,1,1,1,1,1,1,1,1,1,1,1,1,1,1,1,1,1,1,1,1,1,1,1,1,1,1,1,1,0,1,1,1,1,1,1,1,1,1,1,1,1,1,1,1,1,1,1,1,1,1,1,1,1,1,1
75,1,1,1,1,1,1,1,1,1,1,1,1,1,1,1,1,1,1,1,1,1,1,13,1,1,1,1,1,1,1,1,1,1,1,1,1,1,1,1,1,1,1,1,1,1,1,1,1,1,1,1,1,1,1,1,1,1,1,1,1,1,1,1,1,1,1,1,1,1,1,1,1,1,1,0,1,1,1,1,1,1,1,1,1,1,1,1,1,1,1,1,1,1,1,1,1,1,1,1,1
76,1,1,1,1,1,1,1,1,1,1,1,1,1,1,1,1,1,15,1,1,1,1,1,1,1,1,1,1,1,1,1,1,1,1,1,1,1,1,1,1,1,1,1,1,1,1,15,1,1,1,1,1,1,1,1,1,1,1,1,1,1,1,1,1,1,1,1,1,1,1,1,1,1,1,1,0,1,1,1,1,1,1,1,1,1,1,1,1,1,1,1,1,1,1,1,1,1,1,1,1
77,2,4,1,1,10,1,4,1,2,1,3,4,2,1,1,1,23,1,1,1,2,4,3,1,2,1,4,1,10,1,1,4,2,1,3,1,14,1,1,1,10,4,1,1,2,1,16,1,2,1,1,4,10,1,1,1,14,1,3,1,2,4,1,1,10,1,4,1,2,1,3,4,2,1,1,1,0,1,1,1,2,4,3,1,2,1,4,1,10,1,1,4,2,1,3,1,14,1,1,1
78,1,1,1,1,1,1,1,1,1,1,1,1,1,1,1,1,1,1,1,1,1,1,1,1,19,1,1,1,1,1,1,1,1,1,1,1,1,1,1,1,1,1,1,1,1,1,1,1,1,1,1,1,1,1,1,1,1,1,1,1,1,1,1,1,1,1,1,1,1,1,1,1,1,1,1,1,1,0,1,1,1,1,1,1,1,1,1,1,1,1,1,1,1,1,1,1,1,1,1,1
79,1,1,1,1,1,1,1,1,1,1,1,1,1,1,1,1,1,1,1,1,1,1,1,1,1,1,1,1,1,1,1,1,1,1,1,1,1,1,1,1,1,1,1,1,1,1,1,1,1,1,1,1,1,1,1,1,1,1,1,1,1,1,1,1,1,1,1,1,1,1,1,1,1,1,1,1,1,1,0,1,1,1,1,1,1,1,1,1,1,1,1,1,1,1,1,1,1,1,1,1
80,1,1,1,1,1,1,1,1,1,1,1,1,1,1,1,1,1,1,1,1,1,1,1,1,1,1,1,1,1,1,1,1,1,1,1,1,1,1,1,1,1,1,1,1,1,1,1,1,1,1,1,1,1,1,1,1,1,1,1,1,1,1,1,1,1,1,1,1,1,1,1,1,1,1,1,1,1,1,1,0,1,1,1,1,1,1,1,1,1,1,1,1,1,1,1,1,1,1,1,1
81,2,1,1,1,2,1,1,1,2,1,1,1,2,1,1,1,2,1,1,1,2,1,1,1,2,1,1,1,2,1,1,1,2,1,1,1,2,1,1,1,2,1,1,1,2,1,1,1,2,1,1,1,2,1,1,1,2,1,1,1,2,1,1,1,2,1,1,1,2,1,1,1,2,1,1,1,2,1,1,1,0,1,1,1,2,1,1,1,2,1,1,1,2,1,1,1,2,1,1,1
82,1,4,1,1,1,1,4,1,1,1,1,4,1,1,1,1,4,1,1,1,1,4,1,1,1,1,4,1,1,1,1,4,1,1,1,1,4,1,1,1,1,4,1,1,1,1,4,1,1,1,1,4,1,1,1,1,4,1,1,1,1,4,1,1,1,1,4,1,1,1,1,4,1,1,1,1,4,1,1,1,1,0,1,1,1,1,4,1,1,1,1,4,1,1,1,1,4,1,1,1
83,1,1,1,1,3,1,1,1,1,1,3,1,1,1,1,1,3,1,1,1,1,1,3,1,1,1,1,1,3,1,1,1,1,1,3,1,1,1,1,1,3,1,1,1,1,1,3,1,1,1,1,1,3,1,1,1,1,1,3,1,1,1,1,1,3,1,1,1,1,1,3,1,1,1,1,1,3,1,1,1,1,1,0,1,1,1,1,1,3,1,1,1,1,1,3,1,1,1,1,1
84,1,1,1,1,1,1,1,1,1,1,1,1,1,1,1,1,1,1,1,1,1,1,1,1,1,1,1,1,1,1,1,1,1,1,1,1,1,1,1,1,1,1,1,1,1,1,1,1,1,1,1,1,1,1,1,1,1,1,1,1,1,1,1,1,1,1,1,1,1,1,1,1,1,1,1,1,1,1,1,1,1,1,1,0,1,1,1,1,1,1,1,1,1,1,1,1,1,1,1,1
85,2,1,1,1,2,1,1,1,2,1,1,1,2,1,1,1,2,1,1,1,2,1,1,1,2,1,1,1,2,1,1,1,2,1,1,1,2,1,1,1,2,1,1,1,2,1,1,1,2,1,1,1,2,1,1,1,2,1,1,1,2,1,1,1,2,1,1,1,2,1,1,1,2,1,1,1,2,1,1,1,2,1,1,1,0,1,1,1,2,1,1,1,2,1,1,1,2,1,1,1
86,1,1,1,17,1,5,1,1,1,1,1,1,1,1,1,1,1,1,1,1,1,5,1,1,1,1,1,1,1,1,1,1,1,1,1,1,1,5,1,1,1,1,1,1,17,1,1,1,1,1,1,1,1,5,1,1,1,1,1,1,1,1,1,1,1,1,1,1,1,5,1,1,1,1,1,1,1,1,1,1,1,1,1,1,1,0,1,1,1,1,1,1,1,1,1,1,1,1,1,1
87,1,4,8,1,1,1,4,1,1,1,1,4,1,1,1,1,4,1,1,1,1,4,1,1,1,1,4,1,1,1,8,4,1,1,1,1,4,1,1,1,1,4,1,1,1,1,4,1,1,1,1,4,1,1,1,1,4,1,8,1,1,4,1,1,1,1,4,1,1,1,1,4,1,1,1,1,4,1,1,1,1,4,1,1,1,1,0,1,1,1,1,4,1,1,1,1,4,1,1,1
88,1,1,1,1,1,1,1,1,1,1,1,1,1,1,1,6,1,1,1,1,1,1,1,1,1,1,1,1,1,1,1,1,1,6,1,1,1,1,1,1,1,1,1,1,1,1,1,1,1,1,1,6,1,1,1,1,1,1,1,1,1,1,1,1,1,1,1,1,1,6,1,1,1,1,1,1,1,1,1,1,1,1,1,1,1,1,1,0,1,1,1,1,1,1,1,1,1,1,1,1
89,2,1,1,1,22,1,1,1,2,1,3,1,2,1,1,1,10,1,1,1,2,1,3,1,2,1,1,1,10,1,1,1,2,1,3,1,2,1,1,1,10,1,1,1,2,1,12,1,2,1,1,1,10,1,1,1,2,1,3,1,2,1,1,1,10,1,1,1,2,1,3,1,2,1,1,1,10,1,1,1,2,1,3,1,2,1,1,1,0,1,1,1,2,1,3,1,2,1,1,1
90,1,1,1,1,1,11,1,1,1,1,1,1,1,1,1,1,1,1,1,1,1,1,1,1,1,1,1,1,1,1,1,1,1,1,1,1,1,1,1,1,1,1,1,1,1,1,1,11,1,1,1,1,1,1,1,1,1,1,1,1,1,1,1,1,1,1,1,1,1,1,1,1,1,1,1,1,1,1,1,1,1,1,1,1,1,1,1,1,1,0,1,1,1,1,1,1,1,1,1,1
91,1,1,1,1,1,1,1,1,1,1,1,1,1,1,1,1,1,1,1,1,1,1,1,1,1,1,1,1,1,1,1,1,1,1,1,1,1,1,1,1,1,1,1,1,1,1,1,1,1,1,1,1,1,1,1,1,1,1,1,1,1,1,1,1,1,1,1,1,1,1,1,1,1,1,1,1,1,1,1,1,1,1,1,1,1,1,1,1,1,1,0,1,1,1,1,1,1,1,1,1
92,1,4,1,1,1,1,4,1,1,1,1,4,1,1,1,1,4,1,1,1,1,4,1,1,1,1,4,1,1,1,1,4,1,1,1,1,4,1,1,1,1,4,1,1,1,1,4,1,1,1,1,4,1,1,1,1,4,1,1,1,1,4,1,1,1,1,4,1,1,1,1,4,1,1,1,1,4,1,1,1,1,4,1,1,1,1,4,1,1,1,1,0,1,1,1,1,4,1,1,1
93,2,1,1,1,2,1,1,1,2,1,1,1,7,1,1,1,2,1,1,1,2,1,1,1,2,1,1,20,2,1,1,1,7,1,1,1,2,1,1,1,2,1,1,1,2,1,1,1,2,1,1,1,7,1,1,1,2,1,1,1,2,1,1,1,2,1,1,1,2,1,1,1,7,1,1,1,2,1,1,1,2,1,1,1,2,1,1,1,2,1,1,1,0,1,1,1,2,1,1,1
94,1,1,1,1,1,1,1,1,1,1,1,1,1,1,1,1,1,1,1,1,1,1,1,1,1,1,1,1,1,1,1,1,1,1,1,1,1,1,1,1,1,1,1,1,1,1,1,1,1,1,1,1,1,1,1,1,1,1,1,1,1,1,1,1,1,1,1,1,1,1,1,1,1,1,1,1,1,1,1,1,1,1,1,1,1,1,1,1,1,1,1,1,1,0,1,1,1,1,1,1
95,1,1,1,1,3,1,1,1,1,1,3,1,1,1,1,1,3,1,1,1,1,1,3,1,1,1,1,1,3,1,1,1,1,1,3,1,1,1,1,1,3,1,1,1,1,1,3,1,1,1,1,1,3,1,1,1,1,1,3,1,1,1,1,1,3,1,1,1,1,1,3,1,1,1,1,1,3,1,1,1,1,1,3,1,1,1,1,1,3,1,1,1,1,1,0,1,1,1,1,1
96,1,1,1,1,1,1,1,1,1,1,1,1,1,1,1,1,1,1,1,1,1,1,1,1,1,1,1,1,1,1,1,1,1,1,1,1,1,1,1,1,1,1,1,1,1,1,1,1,1,1,1,1,1,1,1,1,1,1,1,1,1,1,1,1,1,1,1,1,1,1,1,1,1,1,1,1,1,1,1,1,1,1,1,1,1,1,1,1,1,1,1,1,1,1,1,0,1,1,1,1
97,2,4,1,1,2,1,4,1,2,1,1,4,2,1,1,1,14,1,1,1,2,4,1,1,2,1,4,1,2,1,1,4,2,1,1,1,14,1,1,1,2,4,1,1,2,1,4,1,2,1,1,4,2,1,1,1,14,1,1,1,2,4,1,1,2,1,4,1,2,1,1,4,2,1,1,1,14,1,1,1,2,4,1,1,2,1,4,1,2,1,1,4,2,1,1,1,0,1,1,1
98,1,1,1,1,1,1,1,1,1,1,1,1,1,1,1,1,1,1,1,1,1,1,1,1,1,1,1,1,1,1,1,1,1,1,1,1,1,1,1,1,1,1,1,1,1,1,1,1,1,1,1,1,1,1,1,1,1,1,1,1,1,1,1,1,1,1,1,1,1,1,1,1,1,1,1,1,1,1,1,1,1,1,1,1,1,1,1,1,1,1,1,1,1,1,1,1,1,0,1,1
99,1,1,1,1,1,1,1,1,9,1,1,1,1,1,1,1,1,1,1,1,1,1,1,1,1,1,1,1,1,1,1,1,1,1,1,1,1,1,9,1,1,1,1,1,1,1,1,1,1,1,1,1,1,1,1,1,1,1,1,1,1,1,1,1,1,1,1,1,9,1,1,1,1,1,1,1,1,1,1,1,1,1,1,1,1,1,1,1,1,1,1,1,1,1,1,1,1,1,0,1
100,1,1,1,1,1,1,1,1,1,1,1,1,1,1,1,1,1,1,1,1,1,1,1,1,1,1,1,1,1,1,1,1,1,1,1,1,1,1,1,1,1,1,1,1,1,1,1,1,1,1,1,1,1,1,1,1,1,1,1,1,1,1,1,1,1,1,1,1,1,1,1,1,1,1,1,1,1,1,1,1,1,1,1,1,1,1,1,1,1,1,1,1,1,1,1,1,1,1,1,0
